id;apellido;fechaHora
CITA-001;Gomez;2025-03-21T11:48:00
CITA-002;Gomez;2025-03-01T13:05:00
CITA-003;Sanchez;2025-03-20T11:02:00
CITA-004;Gomez;2025-03-07T10:56:00
CITA-005;Perez;2025-03-07T08:43:00
CITA-006;Perez;2025-03-21T11:26:00
CITA-007;Gomez;2025-03-24T09:10:00
CITA-008;Torres;2025-03-08T14:10:00
CITA-009;Sanchez;2025-03-21T13:17:00
CITA-010;Torres;2025-03-13T11:13:00
CITA-011;Garcia;2025-03-30T13:23:00
CITA-012;Perez;2025-03-06T12:07:00
CITA-013;Garcia;2025-03-08T11:13:00
CITA-014;Garcia;2025-03-09T14:20:00
CITA-015;Gomez;2025-03-14T17:21:00
CITA-016;Perez;2025-03-08T17:32:00
CITA-017;Sanchez;2025-03-15T12:38:00
CITA-018;Lopez;2025-03-16T17:10:00
CITA-019;Diaz;2025-03-14T17:13:00
CITA-020;Garcia;2025-03-27T08:05:00
CITA-021;Garcia;2025-03-01T12:23:00
CITA-022;Sanchez;2025-03-08T11:09:00
CITA-023;Diaz;2025-03-09T17:27:00
CITA-024;Diaz;2025-03-04T13:59:00
CITA-025;Perez;2025-03-10T14:56:00
CITA-026;Lopez;2025-03-01T08:12:00
CITA-027;Perez;2025-03-24T09:09:00
CITA-028;Garcia;2025-03-26T10:26:00
CITA-029;Diaz;2025-03-28T09:51:00
CITA-030;Perez;2025-03-17T13:26:00
CITA-031;Perez;2025-03-07T16:38:00
CITA-032;Garcia;2025-03-03T10:22:00
CITA-033;Torres;2025-03-14T10:52:00
CITA-034;Sanchez;2025-03-29T10:12:00
CITA-035;Perez;2025-03-16T10:47:00
CITA-036;Torres;2025-03-24T15:01:00
CITA-037;Garcia;2025-03-15T11:18:00
CITA-038;Perez;2025-03-08T09:10:00
CITA-039;Garcia;2025-03-12T13:01:00
CITA-040;Gomez;2025-03-21T09:02:00
CITA-041;Torres;2025-03-05T14:20:00
CITA-042;Garcia;2025-03-26T08:50:00
CITA-043;Lopez;2025-03-30T09:44:00
CITA-044;Lopez;2025-03-22T16:46:00
CITA-045;Gomez;2025-03-13T14:49:00
CITA-046;Sanchez;2025-03-27T17:50:00
CITA-047;Lopez;2025-03-25T13:36:00
CITA-048;Gomez;2025-03-13T09:38:00
CITA-049;Garcia;2025-03-27T16:06:00
CITA-050;Diaz;2025-03-30T11:13:00
CITA-051;Sanchez;2025-03-10T16:18:00
CITA-052;Gomez;2025-03-30T15:42:00
CITA-053;Garcia;2025-03-05T08:30:00
CITA-054;Garcia;2025-03-09T16:34:00
CITA-055;Lopez;2025-03-30T09:23:00
CITA-056;Garcia;2025-03-06T09:31:00
CITA-057;Garcia;2025-03-04T11:16:00
CITA-058;Lopez;2025-03-05T15:45:00
CITA-059;Gomez;2025-03-29T15:06:00
CITA-060;Lopez;2025-03-08T08:53:00
CITA-061;Gomez;2025-03-07T14:11:00
CITA-062;Garcia;2025-03-19T09:01:00
CITA-063;Perez;2025-03-01T13:33:00
CITA-064;Sanchez;2025-03-12T13:33:00
CITA-065;Diaz;2025-03-30T17:15:00
CITA-066;Diaz;2025-03-09T17:00:00
CITA-067;Lopez;2025-03-05T15:05:00
CITA-068;Gomez;2025-03-10T14:14:00
CITA-069;Gomez;2025-03-19T09:50:00
CITA-070;Gomez;2025-03-07T14:03:00
CITA-071;Diaz;2025-03-08T17:12:00
CITA-072;Garcia;2025-03-11T14:19:00
CITA-073;Sanchez;2025-03-16T08:00:00
CITA-074;Sanchez;2025-03-20T10:47:00
CITA-075;Lopez;2025-03-04T13:41:00
CITA-076;Gomez;2025-03-18T17:54:00
CITA-077;Torres;2025-03-01T17:13:00
CITA-078;Perez;2025-03-17T10:05:00
CITA-079;Lopez;2025-03-05T12:23:00
CITA-080;Garcia;2025-03-26T11:45:00
CITA-081;Lopez;2025-03-28T13:54:00
CITA-082;Sanchez;2025-03-09T16:29:00
CITA-083;Garcia;2025-03-07T10:08:00
CITA-084;Garcia;2025-03-12T15:56:00
CITA-085;Diaz;2025-03-08T11:31:00
CITA-086;Diaz;2025-03-10T12:27:00
CITA-087;Sanchez;2025-03-02T16:22:00
CITA-088;Sanchez;2025-03-10T16:24:00
CITA-089;Diaz;2025-03-22T14:00:00
CITA-090;Diaz;2025-03-17T10:07:00
CITA-091;Diaz;2025-03-24T15:00:00
CITA-092;Gomez;2025-03-17T12:05:00
CITA-093;Sanchez;2025-03-27T08:15:00
CITA-094;Torres;2025-03-29T09:32:00
CITA-095;Garcia;2025-03-20T12:05:00
CITA-096;Sanchez;2025-03-13T10:12:00
CITA-097;Perez;2025-03-13T15:32:00
CITA-098;Sanchez;2025-03-06T09:32:00
CITA-099;Garcia;2025-03-09T17:55:00
CITA-100;Torres;2025-03-28T14:12:00
